<?xml version="1.0" encoding="UTF-8" ?>  
<!DOCTYPE configuration PUBLIC "-//ibatis.apache.org//DTD Config 3.0//EN" 
	"http://ibatis.apache.org/dtd/ibatis-3-config.dtd">
<configuration>
	<environments default="environment">
		<environment id="environment">
			<transactionManager type="JDBC" />
			<dataSource type="POOLED">
				<property name="driver" value="oracle.jdbc.OracleDriver" />
				<property name="url"
					value="jdbc:oracle:thin:@192.168.175.252:1521:orcl" />
				<property name="username" value="zhangdong" />
				<property name="password" value="sa" />
			</dataSource>
		</environment>
	</environments>
	<mappers>
		<mapper resource="com/tarena/entity/Dept.xml"></mapper>
	</mappers>
	
</configuration>
