<?xml version="1.0" encoding="UTF-8" ?>  
<!DOCTYPE mapper PUBLIC "-//ibatis.apache.org//DTD Mapper 3.0//EN"      
 "http://ibatis.apache.org/dtd/ibatis-3-mapper.dtd">

<mapper namespace="com.tarena.dao.RoleDao">

	<select id="findByPage" 
		parameterType="com.tarena.entity.page.Page" 
		resultMap="roleMap">
	<![CDATA[
		select * from (
			select a.*,ROWNUM r from (
				select * from role_info order by role_id
			) a
		) where r<#{end} and r>#{begin}
	]]>
	</select>
	<select id="selectModules" 
		parameterType="int" 
		resultType="com.tarena.entity.Module">
		select * from module_info where module_id in (
			select module_id from role_module
			where role_id=#{role_id}
		)
	</select>
	<resultMap id="roleMap" type="com.tarena.entity.Role">
		<id column="role_id" property="role_id" />
		<collection ofType="com.tarena.entity.Module"
			property="modules" javaType="java.util.ArrayList"
			column="role_id" select="selectModules">
		</collection>
	</resultMap>
	
	<select id="findRows"
		parameterType="com.tarena.entity.page.Page"
		resultType="int">
		select count(*) from role_info
	</select>	
	
	<select id="findAllModules"
		resultType="com.tarena.entity.Module">
		select * from module_info
	</select>
	
	<select id="findById" parameterType="int" resultMap="roleMap">
		select * from role_info where role_id=#{id}
	</select>
	
	<insert id="saveRole" parameterType="com.tarena.entity.Role">
		<selectKey keyProperty="role_id" 
			resultType="java.lang.Integer" 
			order="BEFORE">
			select role_seq.nextval from dual
		</selectKey>
		insert into role_info values(
			#{role_id},
			#{name,jdbcType=VARCHAR}
		)
	</insert>
	
	<insert id="saveRoleModules" parameterType="hashMap">
		insert into role_module values(
			#{role_id,jdbcType=NUMERIC},
			#{module_id,jdbcType=NUMERIC}
		)
	</insert>
	
	<update id="updateRole" parameterType="com.tarena.entity.Role">
		update role_info set name=#{name} where role_id=#{role_id}
	</update>
	
	<delete id="deleteRoleModules" parameterType="int">
		delete from role_module where role_id=#{role_id}
	</delete>
	
	<delete id="deleteRole" parameterType="int">
		delete from role_info where role_id=#{role_id}
	</delete>
	
	<select id="findByName" parameterType="string" resultMap="roleMap">
		select * from role_info where name=#{name}
	</select>

</mapper>