<?xml version="1.0" encoding="UTF-8" ?>  
<!DOCTYPE mapper PUBLIC "-//ibatis.apache.org//DTD Mapper 3.0//EN"      
 "http://ibatis.apache.org/dtd/ibatis-3-mapper.dtd">
<!-- namespace引用DeptMapper接口 -->
<mapper 
  namespace="com.tarena.entity.DeptMapper">
	<!-- id对应DeptMapper接口中的方法名 -->
	<!-- keyProperty 要引用主键属性 -->
	<!-- parameterType 引用方法参数类型 -->
	<insert id="addDept" keyProperty="deptno"
		parameterType="com.tarena.entity.Dept">
	  insert into t_dept (deptno, dname, loc)
	  values (seq_t_dept.nextval,
	   #{dname}, #{loc})
	</insert>
	<!-- #{dname} 是参数Dept的Bean属性 -->
	<!-- parameterType参数类型
	resultType 是返回值类型 -->
	<select id="findDeptById" 
		parameterType="java.lang.Integer"
		resultType="com.tarena.entity.Dept">
		<!-- #{deptno}与方法参数相同 -->
		select deptno, dname, loc 
		from t_dept where deptno=#{deptno}
	</select>
	<delete id="deleteDept" 
		parameterType="com.tarena.entity.Dept">
	<!-- #{deptno}是参数Dept的Bean属性 -->
	delete from t_dept where deptno=#{deptno}
	</delete>
	<update id="updateDept"
		parameterType="com.tarena.entity.Dept">
	update t_dept set dname=#{dname}, loc=#{loc}
	   where deptno=#{deptno}
	</update>	
</mapper>







