<?xml version="1.0" encoding="UTF-8"?>
<beans xmlns="http://www.springframework.org/schema/beans"
	xmlns:xsi="http://www.w3.org/2001/XMLSchema-instance"
	xmlns:context="http://www.springframework.org/schema/context"
	xmlns:jdbc="http://www.springframework.org/schema/jdbc"
	xmlns:jee="http://www.springframework.org/schema/jee"
	xmlns:tx="http://www.springframework.org/schema/tx"
	xmlns:jpa="http://www.springframework.org/schema/data/jpa"
	xmlns:util="http://www.springframework.org/schema/util"
	xmlns:mvc="http://www.springframework.org/schema/mvc"
	xsi:schemaLocation="
		http://www.springframework.org/schema/beans http://www.springframework.org/schema/beans/spring-beans-3.2.xsd
		http://www.springframework.org/schema/context http://www.springframework.org/schema/context/spring-context-3.2.xsd
		http://www.springframework.org/schema/jdbc http://www.springframework.org/schema/jdbc/spring-jdbc-3.2.xsd
		http://www.springframework.org/schema/jee http://www.springframework.org/schema/jee/spring-jee-3.2.xsd
		http://www.springframework.org/schema/tx http://www.springframework.org/schema/tx/spring-tx-3.2.xsd
		http://www.springframework.org/schema/data/jpa http://www.springframework.org/schema/data/jpa/spring-jpa-1.3.xsd     
		http://www.springframework.org/schema/util http://www.springframework.org/schema/util/spring-util-3.2.xsd
		http://www.springframework.org/schema/mvc http://www.springframework.org/schema/mvc/spring-mvc-3.2.xsd">
	<bean id="demoBean" 
		class="com.tarena.test.DemoBean">
		<!-- 为Bean属性注入基本类型数据 -->
		<property name="age" value="18"/>
		<property name="name" value="Jerry"/>
		<property name="salary" value="100"/>
		<property name="married" value="true"/>
	</bean>
	<!-- 两种Bean对象作为属性注入 -->
	<bean id="obj" 
		class="com.tarena.test.ObjDemoBean">
		<!-- Spring 会创建Bean，并且注入到
		dayOfBirth属性中 -->
		<property name="dayOfBirth">
			<bean class="java.util.Date"/>
		</property>	
		<!--  引用方式注入Bean -->
		<property name="dayOfMarry" ref="date"/>
	</bean>
	<bean id="date" class="java.util.Date">
		<property name="time" value="0"/>
	</bean>
	<!-- 集合类型作为参数注入到Bean属性 -->
	<bean id="colBean" 
		class="com.tarena.test.CollectionBean">
		<property name="scores">
			<list>
				<value>10</value>
				<value>5</value>
			</list>
		</property> 
		<property name="dateList">
			<list>
				<bean class="java.util.Date"/>
				<bean class="java.util.Date"/>
			</list>
		</property>
		<property name="cities">
			<set>
				<value>魔都</value>
				<value>帝都</value>
				<value>雾都</value>
			</set>
		</property>
		<property name="contacts">
			<map>
				<entry key="Tom" value="119"/>
				<entry key="Jerry" value="110"/>
			</map>
		</property>
		<property name="date">
			<map>
				<entry key="Tom">
					<bean class="java.util.Date"/>
				</entry>
				<entry key="Jerry">
					<bean class="java.util.Date"/>
				</entry>
			</map>
		</property>
		<property name="config">
			<props>
				<prop key="driver">OracleDriver</prop>
				<prop key="url">jdbc:oracle...</prop>
			</props>
		</property>
	</bean>
	
	<!-- 将集合定义为Bean对象引用注入Bean属性 -->
	<bean id="demo2"
		class="com.tarena.test.CollectionBean">
		<property name="cities" ref="cities"/>
		<property name="config" ref="jdbc"/>
	</bean>
	<util:set id="cities">
		<value>帝都</value>
		<value>雾都</value>
	</util:set>
	<util:properties id="jdbc">
		<prop key="user">openlab</prop>
	</util:properties>
	<!-- 测试 Spring 表达式 -->
	<bean id="demoObj" 
		class="com.tarena.test.DemoObj">
	</bean>
	<bean id="demo" 
		class="com.tarena.test.Demo">
		<property name="name" 
			value="#{demoObj.ename}"/>
		<property name="phone"
			value="#{phones['tom']}"/>
	</bean>
	<util:properties id="phones">
		<prop key="tom">119</prop>
	</util:properties>
	<!-- 从包中（src） 中读取db.properties
	文件，创建properties Bean -->
	<util:properties id="jdbc" 
		location="classpath:db.properties">
	<!-- driver=oracle.jdbc.OracleDriver ... -->
	</util:properties>
	<bean id="dataSource" 
		class="com.tarena.dao.DataSource">
		<property name="driver" 
			value="#{jdbc.driver}"/>
		<property name="url" 
			value="#{jdbc.url}"/>
		<property name="user" 
			value="#{jdbc.user}"/>
		<property name="pwd" 
			value="#{jdbc.pwd}"/>
	</bean>
	<!-- Spring 启动时候会查询 com.tarena 包
	以及子包中的 注解 @Component 等
	凡是有注解的类，都会被实例化为Bean 对象
	-->
	<context:component-scan 
		base-package="com.tarena"/>
</beans>















