<?xml version="1.0" encoding="UTF-8" ?>  
<!DOCTYPE mapper PUBLIC "-//ibatis.apache.org//DTD Mapper 3.0//EN"      
 "http://ibatis.apache.org/dtd/ibatis-3-mapper.dtd">

<mapper namespace="com.tarena.dao.ServiceMapper">

	<!-- findByPage -->
	<select id="findByPage"
		parameterType="com.tarena.entity.page.ServicePage"
		resultType="hashmap">
		select * from (
			select ser.*,rownum r from (
				select 
					s.*,
					a.idcard_no,a.real_name,
					c.name,c.descr
				from service s
				left join account a on s.account_id=a.account_id
				left join cost c on s.cost_id=c.cost_id
				<where>
					<if test='osUserName!=null&amp;&amp;!osUserName.equals("")'>
						and s.os_username=#{osUserName}
					</if>
					<if test='unixHost!=null&amp;&amp;!unixHost.equals("")'>
						and s.unix_host=#{unixHost}
					</if>
					<if test='idcardNo!=null&amp;&amp;!idcardNo.equals("")'>
						and a.idcard_no=#{idcardNo}
					</if>
					<if test='status!=null&amp;&amp;!status.equals("")'>
						and s.status=#{status}
					</if>
				</where>
				order by s.service_id
			) ser
		) where r&lt;#{end} and r>#{begin}
	</select>
	
	<!-- findRows -->
	<select id="findRows"
		parameterType="com.tarena.entity.page.ServicePage"
		resultType="int">
		select 
			count(*)
		from service s
		inner join account a on s.account_id=a.account_id
		inner join cost c on s.cost_id=c.cost_id
		<where>
			<if test='osUserName!=null&amp;&amp;!osUserName.equals("")'>
				and s.os_username=#{osUserName}
			</if>
			<if test='unixHost!=null&amp;&amp;!unixHost.equals("")'>
				and s.unix_host=#{unixHost}
			</if>
			<if test='idcardNo!=null&amp;&amp;!idcardNo.equals("")'>
				and a.idcard_no=#{idcardNo}
			</if>
			<if test='status!=null&amp;&amp;!status.equals("")'>
				and s.status=#{status}
			</if>
		</where>		
	</select>
	
	<!-- start -->
	<update id="start"
		parameterType="int">
		update service set status='0',
		pause_date=null where service_id=#{id}
	</update>

	<!-- findById -->
	<select id="findById"
		parameterType="int"
		resultType="com.tarena.entity.Service">
		select * from service 
		where service_id=#{id}
	</select>
	
	<!-- stopServiceByAccountId -->
	<update id="stopServiceByAccountId"
		parameterType="int">
		update service set status='1',
   	  	pause_date=sysdate 
   	  	where account_id=#{accountId}
	</update>

</mapper>