<?xml version="1.0" encoding="UTF-8"?>
<beans xmlns="http://www.springframework.org/schema/beans"
	xmlns:xsi="http://www.w3.org/2001/XMLSchema-instance"
	xmlns:context="http://www.springframework.org/schema/context"
	xmlns:jdbc="http://www.springframework.org/schema/jdbc"
	xmlns:jee="http://www.springframework.org/schema/jee"
	xmlns:tx="http://www.springframework.org/schema/tx"
	xmlns:jpa="http://www.springframework.org/schema/data/jpa"
	xmlns:util="http://www.springframework.org/schema/util"
	xmlns:mvc="http://www.springframework.org/schema/mvc"
	xsi:schemaLocation="
		http://www.springframework.org/schema/beans http://www.springframework.org/schema/beans/spring-beans-3.2.xsd
		http://www.springframework.org/schema/context http://www.springframework.org/schema/context/spring-context-3.2.xsd
		http://www.springframework.org/schema/jdbc http://www.springframework.org/schema/jdbc/spring-jdbc-3.2.xsd
		http://www.springframework.org/schema/jee http://www.springframework.org/schema/jee/spring-jee-3.2.xsd
		http://www.springframework.org/schema/tx http://www.springframework.org/schema/tx/spring-tx-3.2.xsd
		http://www.springframework.org/schema/data/jpa http://www.springframework.org/schema/data/jpa/spring-jpa-1.3.xsd     
		http://www.springframework.org/schema/util http://www.springframework.org/schema/util/spring-util-3.2.xsd
		http://www.springframework.org/schema/mvc http://www.springframework.org/schema/mvc/spring-mvc-3.2.xsd">
	<bean id="view"
		class="org.springframework.web.servlet.view.InternalResourceViewResolver">
		<property name="prefix" 
			value="/WEB-INF/jsp/" />
		<property name="suffix" 
			value=".jsp" />
	</bean>
	<mvc:annotation-driven/>
	<context:component-scan
		base-package="com.tarena"/>

		
	<bean class="org.springframework.web.servlet.handler.SimpleMappingExceptionResolver">
		<property name="exceptionMappings">
			<props>
				<!-- 控制器中如果出现 Exception
				会转发到  error.jsp-->
				<!-- <prop key="java.lang.Exception">
					error
				</prop>
				-->
				
			</props>
		</property>
	</bean>
	<bean id="multipartResolver"
		class="org.springframework.web.multipart.commons.CommonsMultipartResolver">
		<property name="maxUploadSize" 
			value="102400"/>
		<property name="resolveLazily" 
			value="true"/>
	</bean>
		
	<util:properties id="jdbc"
		location="classpath:db.properties"/>
	
	<bean id="dataSource"
		class="org.apache.commons.dbcp.BasicDataSource">
		<property name="driverClassName" 
			value="#{jdbc.driver}" />
		<property name="url" 
			value="#{jdbc.url}" />
		<property name="username" 
			value="#{jdbc.user}" />
		<property name="password"
			value="#{jdbc.pwd}" />
		<property name="minIdle" value="1" />
		<property name="maxActive" value="5"/>		
	</bean>
	
	<bean id="dataSource1" 
		class="com.mchange.v2.c3p0.ComboPooledDataSource">
		<property name="driverClass" 
			value="#{jdbc.driver}" />
		<property name="jdbcUrl" 
			value="#{jdbc.url}" />
		<property name="user" 
			value="#{jdbc.user}" />
		<property name="password" 
			value="#{jdbc.pwd}" />
		<property name="minPoolSize" 
			value="2" />
		<property name="maxPoolSize" 
			value="5" />	
	</bean>
	<!-- 配置JDBCTemplate 对象 -->
	<bean id="jdbcTemplate" 
		class="org.springframework.jdbc.core.JdbcTemplate">
		<property name="dataSource" 
			ref="dataSource" /> 
	</bean>
</beans>













