<?xml version="1.0" encoding="UTF-8" ?>  
<!DOCTYPE mapper PUBLIC "-//ibatis.apache.org//DTD Mapper 3.0//EN"      
 "http://ibatis.apache.org/dtd/ibatis-3-mapper.dtd">

<mapper namespace="com.tarena.dao.RoleMapper">

	<!-- findByPage -->
	<select id="findByPage"
		parameterType="com.tarena.entity.page.RolePage"
		resultMap="roleMap">
		select * from (
			select a.*,rownum r from (
				select * from role_info
				order by role_id
			) a
		) where r&lt;#{end} and r>#{begin}
	</select>
	<!-- 关联查询出模块，传入条件为role_id -->
	<select id="findModuleByRoleId"
		parameterType="int"
		resultType="com.tarena.entity.Module">
		select * from module_info
		where module_id in (
			select module_id from role_module
			where role_id=#{role_id}
		)
	</select>
	<resultMap id="roleMap" 
		type="com.tarena.entity.Role">
		<id column="role_id" property="role_id"/>
		
		<collection select="findModuleByRoleId"
		    column="role_id" 
			javaType="arraylist"
			ofType="com.tarena.entity.Module" 
			property="modules">
		</collection>
	</resultMap>
	
	<!-- findRows -->
	<select id="findRows"
		resultType="int">
		select count(*) from role_info
	</select>	

	<!-- findAllModule -->
	<select id="findAllModule"
		resultType="com.tarena.entity.Module">
		select * from module_info
		order by module_id
	</select>
	
	<!-- saveRole -->
	<insert id="saveRole"
		parameterType="com.tarena.entity.Role">
		<selectKey keyProperty="role_id" 
			order="BEFORE" 
			resultType="int">
	       select role_seq.nextval from dual 
	    </selectKey>
		insert into role_info
		values(#{role_id,jdbcType=INTEGER},
			#{name,jdbcType=VARCHAR})
	</insert>
	
	<!-- saveRoleModule -->
	<insert id="saveRoleModule"
		parameterType="hashmap">
		insert into role_module
		values(#{role_id,jdbcType=INTEGER},
			#{module_id,jdbcType=INTEGER})
	</insert>
	
	<!-- findByName -->
	<select id="findByName"
		parameterType="string"
		resultType="com.tarena.entity.Role">
		select * from role_info
		where name=#{name,jdbcType=VARCHAR}
	</select>

</mapper>