<?xml version="1.0" encoding="UTF-8" ?>
<!DOCTYPE struts PUBLIC
    "-//Apache Software Foundation//DTD Struts Configuration 2.1.7//EN"
    "http://struts.apache.org/dtds/struts-2.1.7.dtd">

<struts>

	 <package name="hello-demo"
	 	namespace="/demo"
	 	extends="struts-default">
	 	<interceptors>
	 		<!-- 注册拦截器 -->
	 		<interceptor name="first" 
	 			class="com.tarena.interceptor.FirstInterceptor"/>
	 	</interceptors>
	 	
	 	<action name="hello"
	 		class="com.tarena.action.HelloAction"
	 		method="sayHello">
	 		<!-- 引用拦截器 -->
	 		<interceptor-ref name="first"/>
	 		
	 		<result name="ok">
	 			/WEB-INF/jsp/hello.jsp
	 		</result>
	 	</action>
	 </package>

</struts>