<?xml version="1.0" encoding="UTF-8"?>
<beans xmlns="http://www.springframework.org/schema/beans"
	xmlns:xsi="http://www.w3.org/2001/XMLSchema-instance"
	xmlns:context="http://www.springframework.org/schema/context"
	xmlns:jdbc="http://www.springframework.org/schema/jdbc"
	xmlns:jee="http://www.springframework.org/schema/jee"
	xmlns:tx="http://www.springframework.org/schema/tx"
	xmlns:jpa="http://www.springframework.org/schema/data/jpa"
	xmlns:util="http://www.springframework.org/schema/util"
	xmlns:mvc="http://www.springframework.org/schema/mvc"
	xsi:schemaLocation="
		http://www.springframework.org/schema/beans http://www.springframework.org/schema/beans/spring-beans-3.2.xsd
		http://www.springframework.org/schema/context http://www.springframework.org/schema/context/spring-context-3.2.xsd
		http://www.springframework.org/schema/jdbc http://www.springframework.org/schema/jdbc/spring-jdbc-3.2.xsd
		http://www.springframework.org/schema/jee http://www.springframework.org/schema/jee/spring-jee-3.2.xsd
		http://www.springframework.org/schema/tx http://www.springframework.org/schema/tx/spring-tx-3.2.xsd
		http://www.springframework.org/schema/data/jpa http://www.springframework.org/schema/data/jpa/spring-jpa-1.3.xsd     
		http://www.springframework.org/schema/util http://www.springframework.org/schema/util/spring-util-3.2.xsd
		http://www.springframework.org/schema/mvc http://www.springframework.org/schema/mvc/spring-mvc-3.2.xsd">
	<bean id="view"
		class="org.springframework.web.servlet.view.InternalResourceViewResolver">
		<property name="prefix" 
			value="/WEB-INF/jsp/" />
		<property name="suffix" 
			value=".jsp" />
	</bean>
	<mvc:annotation-driven/>
	<context:component-scan
		base-package="com.tarena"/>
		
	<util:properties id="jdbc"
		location="classpath:db.properties"/>
		
	<mvc:interceptors>
    	<mvc:interceptor>
    		<mvc:mapping path="/demo/*"/>
    		<mvc:exclude-mapping 
    			path="/login/*"/>
    		<bean class="com.tarena.web.DemoIntercepter"/>
		</mvc:interceptor>
		<mvc:interceptor>
			<mvc:mapping path="/demo/*"/>
			<mvc:exclude-mapping 
				path="/login/*"/>
			<bean class="com.tarena.web.AccessInterceptor"/>				
		</mvc:interceptor>	
	</mvc:interceptors>
</beans>













