<?xml version="1.0" encoding="UTF-8"?>
<beans xmlns="http://www.springframework.org/schema/beans"
	xmlns:xsi="http://www.w3.org/2001/XMLSchema-instance"
	xmlns:context="http://www.springframework.org/schema/context"
	xmlns:jdbc="http://www.springframework.org/schema/jdbc"
	xmlns:jee="http://www.springframework.org/schema/jee"
	xmlns:tx="http://www.springframework.org/schema/tx"
	xmlns:jpa="http://www.springframework.org/schema/data/jpa"
	xmlns:util="http://www.springframework.org/schema/util"
	xmlns:mvc="http://www.springframework.org/schema/mvc"
	xsi:schemaLocation="
		http://www.springframework.org/schema/beans http://www.springframework.org/schema/beans/spring-beans-3.2.xsd
		http://www.springframework.org/schema/context http://www.springframework.org/schema/context/spring-context-3.2.xsd
		http://www.springframework.org/schema/jdbc http://www.springframework.org/schema/jdbc/spring-jdbc-3.2.xsd
		http://www.springframework.org/schema/jee http://www.springframework.org/schema/jee/spring-jee-3.2.xsd
		http://www.springframework.org/schema/tx http://www.springframework.org/schema/tx/spring-tx-3.2.xsd
		http://www.springframework.org/schema/data/jpa http://www.springframework.org/schema/data/jpa/spring-jpa-1.3.xsd     
		http://www.springframework.org/schema/util http://www.springframework.org/schema/util/spring-util-3.2.xsd
		http://www.springframework.org/schema/mvc http://www.springframework.org/schema/mvc/spring-mvc-3.2.xsd">
	<!-- 自动注解组件扫描 -->
	<context:component-scan 
		base-package="com.tarena"/>
	<!-- JDBC 配置信息 -->
	<util:properties id="jdbc"
		location="classpath:db.properties"/>
	<!-- c3p0 DataSource 管理数据库连接 -->
	<bean id="dataSource" 
		class="com.mchange.v2.c3p0.ComboPooledDataSource">
		<property name="driverClass"
			value="#{jdbc.driver}"/>
		<property name="jdbcUrl"
			value="#{jdbc.url}"/>
		<property name="user"
			value="#{jdbc.user}"/>
		<property name="password"
			value="#{jdbc.pwd}"/>
		<property name="minPoolSize"
			value="#{jdbc['min.pool.size']}"/>
		<property name="maxPoolSize"
			value="#{jdbc['max.pool.size']}"/> 
	</bean>
	<!-- SqlSessionFactoryBean 是工厂会自动创建  
		sqlSessionFactory 对象-->
	<bean id="sqlSessionFactory"
		class="org.mybatis.spring.SqlSessionFactoryBean">
		<property name="dataSource" ref="dataSource"/>
		<!-- 是Mapper xml 文件的位置 -->
		<property name="mapperLocations"
			value="classpath:com/tarena/entity/*.xml"/>	
	</bean>
	<!-- 利用实例工厂创建Bean实例 -->
	<bean id="sqlSession" scope="prototype"
		factory-bean="sqlSessionFactory" 
		factory-method="openSession">
	</bean>
	
	<!-- 自动扫描Mapper接口, 创建Mapper Bean -->
	<bean 
	class="org.mybatis.spring.mapper.MapperScannerConfigurer">
		<property name="basePackage" 
			value="com.tarena"/> 
		<!-- 只有包含@Mapper 注解的接口被扫描
		创建为Mapper bean   -->
		<property name="annotationClass"
			value="com.tarena.entity.Mapper"/> 
	</bean>
  
	<!-- 创建 deptMapper Bean 对象, 是DeptMapper类型对象-->
	<!-- MapperFactoryBean 会根据 mapperInterface
		属性的类型, 来创建 Bean 的实例-->
	<!-- 
	<bean id="deptMapper" 
		class="org.mybatis.spring.mapper.MapperFactoryBean">
		<property name="mapperInterface"
			value="com.tarena.entity.DeptMapper"/>
		<property name="sqlSessionFactory"
			ref="sqlSessionFactory"/>
	</bean>  -->
	<!-- sqlSessionTemplate 用于支持实现 Dao 模式 -->
	<bean id="sqlSessionTemplate"
		class="org.mybatis.spring.SqlSessionTemplate">
		<constructor-arg index="0"  
			ref="sqlSessionFactory"/>
	</bean>
	
	<mvc:annotation-driven/>
	<!-- 视图处理器 -->
	<bean id="jspView" 
		class="org.springframework.web.servlet.view.InternalResourceViewResolver">
		<property name="prefix"
			value="/WEB-INF/jsp/"/>
		<property name="suffix"
			value=".jsp"/>
	</bean>	
	
</beans>























