<?xml version="1.0" encoding="UTF-8" ?>  
<!DOCTYPE configuration PUBLIC "-//ibatis.apache.org//DTD Config 3.0//EN" 
	"http://ibatis.apache.org/dtd/ibatis-3-config.dtd">
<configuration>
	<environments default="environment">
		<environment id="environment">
			<transactionManager type="JDBC" />
			<dataSource type="POOLED">
				<property name="driver" 
					value="oracle.jdbc.OracleDriver" />
				<property name="url"
					value="jdbc:oracle:thin:@localhost:1521:XE" />
				<property name="username" value="openlab" />
				<property name="password" value="open123" />
			</dataSource>
		</environment>
	</environments>  
	<!-- 引入 Dept.xml 配置 -->
	<mappers>
		<mapper resource="com/tarena/entity/Dept.xml"/>
	</mappers>
</configuration> 






