<?xml version="1.0" encoding="UTF-8" ?>  
<!DOCTYPE mapper PUBLIC "-//ibatis.apache.org//DTD Mapper 3.0//EN"      
 "http://ibatis.apache.org/dtd/ibatis-3-mapper.dtd">

<mapper namespace="com.tarena.dao.EmpMapper">

	<!-- findAll -->
	<select id="findAll"
		resultType="com.tarena.entity.Emp">
		select * from t_emp
	</select>
	
	<!-- findByDept -->
	<select id="findByDept"
		parameterType="com.tarena.entity.Condition"
		resultType="com.tarena.entity.Emp">
		select * from t_emp
		<!-- 如果条件成立则拼一个where条件，
			注意表达式当中引用的是传入参数的属性，
			而不是表中的字段名。 -->
		<if test="deptId!=null">
			where deptno=#{deptId}
		</if>
	</select>
	
	<!-- findUpperSalary -->
	<select id="findUpperSalary"
		parameterType="com.tarena.entity.Condition"
		resultType="com.tarena.entity.Emp">
		select * from t_emp
		<choose>
			<when test="salary>=2500">
				where sal>#{salary}
			</when>
			<otherwise>
				where sal>1500
			</otherwise>
		</choose>
	</select>
	
	<!-- findByDeptAndSalary -->
	<select id="findByDeptAndSalary"
		parameterType="com.tarena.entity.Condition"
		resultType="com.tarena.entity.Emp">
		select * from t_emp 
		<!-- 
			where元素有2个作用：
			1.可以拼一个where关键字；
			2.可以忽略掉第一个多余的and；
		 -->
		 <!-- 
		<where>
			<if test="deptId!=null">
				and deptno=#{deptId}
			</if>
			<if test="salary!=null">
				and sal>#{salary}
			</if>
		</where>
		 -->
		<!-- 用trim代替where -->
		<trim prefix="where" prefixOverrides="and">
			<if test="deptId!=null">
				and deptno=#{deptId}
			</if>
			<if test="salary!=null">
				and sal>#{salary}
			</if>
		</trim>
	</select>
	
	<!-- update -->
	<update id="update"
		parameterType="com.tarena.entity.Emp">
		update t_emp 
		<!-- 
			set元素有2个作用：
			1.拼一个set关键字
			2.去掉最后多余的，
		 -->
		<!-- 
		<set>
			<if test="ename!=null">
				ename=#{ename},
			</if>
			<if test="job!=null">
				job=#{job},
			</if>
			<if test="sal!=null">
				sal=#{sal},
			</if>
		</set>
		 -->
		<!-- 使用trim代替set -->
		<trim prefix="set" suffixOverrides=",">
			<if test="ename!=null">
				ename=#{ename},
			</if>
			<if test="job!=null">
				job=#{job},
			</if>
			<if test="sal!=null">
				sal=#{sal},
			</if>
		</trim>
		where empno=#{empno}
	</update>
	
	<!-- findByIds -->
	<select id="findByIds"
		parameterType="com.tarena.entity.Condition"
		resultType="com.tarena.entity.Emp">
		select * from t_emp where empno in
		<foreach collection="empIds"
			item="eid"
			open="("
			separator=","
			close=")">
			#{eid}
		</foreach>
	</select>
	
</mapper>