<?xml version="1.0" encoding="UTF-8"?>
<beans xmlns="http://www.springframework.org/schema/beans"
	xmlns:xsi="http://www.w3.org/2001/XMLSchema-instance"
	xmlns:context="http://www.springframework.org/schema/context"
	xmlns:jdbc="http://www.springframework.org/schema/jdbc"
	xmlns:jee="http://www.springframework.org/schema/jee"
	xmlns:tx="http://www.springframework.org/schema/tx"
	xmlns:jpa="http://www.springframework.org/schema/data/jpa"
	xmlns:util="http://www.springframework.org/schema/util"
	xmlns:mvc="http://www.springframework.org/schema/mvc"
	xsi:schemaLocation="
		http://www.springframework.org/schema/beans http://www.springframework.org/schema/beans/spring-beans-3.2.xsd
		http://www.springframework.org/schema/context http://www.springframework.org/schema/context/spring-context-3.2.xsd
		http://www.springframework.org/schema/jdbc http://www.springframework.org/schema/jdbc/spring-jdbc-3.2.xsd
		http://www.springframework.org/schema/jee http://www.springframework.org/schema/jee/spring-jee-3.2.xsd
		http://www.springframework.org/schema/tx http://www.springframework.org/schema/tx/spring-tx-3.2.xsd
		http://www.springframework.org/schema/data/jpa http://www.springframework.org/schema/data/jpa/spring-jpa-1.3.xsd     
		http://www.springframework.org/schema/util http://www.springframework.org/schema/util/spring-util-3.2.xsd
		http://www.springframework.org/schema/mvc http://www.springframework.org/schema/mvc/spring-mvc-3.2.xsd">
	<bean id="demoBean" 
		class="com.tarena.test.DemoBean">
		<!-- 为Bean属性注入基本类型数据 -->
		<property name="age" value="18"/>
		<property name="name" value="Jerry"/>
		<property name="salary" value="100"/>
		<property name="married" value="true"/>
	</bean>
	<!-- 两种Bean对象作为属性注入 -->
	<bean id="obj" 
		class="com.tarena.test.ObjDemoBean">
		<!-- Spring 会创建Bean，并且注入到
		dayOfBirth属性中 -->
		<property name="dayOfBirth">
			<bean class="java.util.Date"/>
		</property>	
		<!--  引用方式注入Bean -->
		<property name="dayOfMarry" ref="date"/>
	</bean>
	<bean id="date" class="java.util.Date">
		<property name="time" value="0"/>
	</bean>
	<!-- 集合类型作为参数注入到Bean属性 -->
	<bean id="colBean" 
		class="com.tarena.test.CollectionBean">
		<property name="scores">
			<list>
				<value>10</value>
				<value>5</value>
			</list>
		</property> 
		<property name="dateList">
			<list>
				<bean class="java.util.Date"/>
				<bean class="java.util.Date"/>
			</list>
		</property>
	</bean>
</beans>















