<?xml version="1.0" encoding="UTF-8" ?>
<!DOCTYPE struts PUBLIC
    "-//Apache Software Foundation//DTD Struts Configuration 2.1.7//EN"
    "http://struts.apache.org/dtds/struts-2.1.7.dtd">

<struts>

	 <package name="hello-demo"
	 	namespace="/demo"
	 	extends="struts-default">
	 	<interceptors>
	 		<!-- 注册拦截器 -->
	 		<interceptor name="first" 
	 			class="com.tarena.interceptor.FirstInterceptor"/>
	 		<interceptor name="second"
	 			class="com.tarena.interceptor.SecondInterceptor"/>
	 		<!-- 注册拦截器栈 -->
	 		<!-- 
	 			action元素默认引用defaultStack，
	 			但是在action元素下，手动引用任何
	 			一个拦截器时，将会丢失默认引用拦截器。
	 			为了避免丢掉默认引用的拦截器，一般
	 			在创建自定义拦截器栈时，包含自定义
	 			拦截器，同时也包含defaultStack。
	 		 -->
	 		<interceptor-stack name="mystack">
	 			<interceptor-ref name="first"/>
	 			<interceptor-ref name="second"/>
	 			<interceptor-ref name="defaultStack"/>
	 		</interceptor-stack>
	 	</interceptors>
	 	
	 	<action name="hello"
	 		class="com.tarena.action.HelloAction"
	 		method="sayHello">
	 		<!-- 引用拦截器 -->
	 		<!-- 
	 		<interceptor-ref name="first"/>
	 		<interceptor-ref name="second"/>
	 		 -->
	 		<!-- 
	 			引用拦截器栈，相当于引用栈中的
	 			所有拦截器。 
	 		-->
	 		<interceptor-ref name="mystack"/>
	 		
	 		<result name="ok">
	 			/WEB-INF/jsp/hello.jsp
	 		</result>
	 	</action>
	 </package>

</struts>