<?xml version="1.0" encoding="UTF-8"?>
<beans xmlns="http://www.springframework.org/schema/beans"
	xmlns:xsi="http://www.w3.org/2001/XMLSchema-instance"
	xmlns:context="http://www.springframework.org/schema/context"
	xmlns:jdbc="http://www.springframework.org/schema/jdbc"
	xmlns:jee="http://www.springframework.org/schema/jee"
	xmlns:tx="http://www.springframework.org/schema/tx"
	xmlns:jpa="http://www.springframework.org/schema/data/jpa"
	xmlns:util="http://www.springframework.org/schema/util"
	xmlns:mvc="http://www.springframework.org/schema/mvc"
	xsi:schemaLocation="
		http://www.springframework.org/schema/beans http://www.springframework.org/schema/beans/spring-beans-3.2.xsd
		http://www.springframework.org/schema/context http://www.springframework.org/schema/context/spring-context-3.2.xsd
		http://www.springframework.org/schema/jdbc http://www.springframework.org/schema/jdbc/spring-jdbc-3.2.xsd
		http://www.springframework.org/schema/jee http://www.springframework.org/schema/jee/spring-jee-3.2.xsd
		http://www.springframework.org/schema/tx http://www.springframework.org/schema/tx/spring-tx-3.2.xsd
		http://www.springframework.org/schema/data/jpa http://www.springframework.org/schema/data/jpa/spring-jpa-1.3.xsd     
		http://www.springframework.org/schema/util http://www.springframework.org/schema/util/spring-util-3.2.xsd
		http://www.springframework.org/schema/mvc http://www.springframework.org/schema/mvc/spring-mvc-3.2.xsd">
 	<!-- date1是默认单列的Bean，都同一个Bean -->
	<bean id="date1" class="java.util.Date"/>
	<!-- date2是原型的Bean，没次都创建新的Bean -->
	<bean id="date2" scope="prototype"
	  class="java.util.Date"/>
	 
	<!-- 配置 Code Bean -->
	<bean id="code" scope="prototype" 
	  class="com.tarena.test.Code"/>
	  
	<bean id="code2" scope="prototype" 
	  class="com.tarena.test.Code"
	  init-method="init"/>
	<!-- 测试单列Bean，的初始化和销毁方法 -->
	<bean id="exampleBean" 
		class="com.tarena.test.ExampleBean"
		init-method="init"
		destroy-method="destroy"/>
	<!-- 延迟实例化测试 -->
	<bean id="exampleBean2" 
		class="com.tarena.test.ExampleBean"
		init-method="init" lazy-init="true"
		destroy-method="destroy"/>
	<!-- Spring支持构造器注入参数
	换个说法：Spring 可以调用有参数构造器创建Bean -->
	<bean id="phone1" scope="prototype"
		class="com.tarena.test.MobilePhone">
		<!-- Spring 会调用有参数构造器创建对象
		并且会将ARM 11作为参数注入到构造器参数 -->
		<constructor-arg 
			index="0" value="ARM 11"/>
		<!-- Spring支持Bean属性（Setter）注入 -->
		<property name="sim" 
			value="15610135818"/>
		<property name="sdCard" 
			value="128G"/>
	</bean>
	
	<!-- Spring 管理 数据库链接对象 -->
	<bean id="dataSource" 
		class="com.tarena.dao.DataSource"> 
		<!-- 必须注入 4个数据库链接参数属性 -->
		<property name="driver" 
			value="oracle.jdbc.OracleDriver"/>
		<property name="url"
			value="jdbc:oracle:thin:@192.168.175.252:1521:orcl"/>
		<property name="user" value="zhangdong"/>
		<property name="pwd" value="sa"/>	
	</bean>
	<!-- 利用Spring 管理Dao对象 -->
	<bean id="userDao" 
	 	class="com.tarena.dao.OracleUserDao">
		<!-- ref 引用，用于引用在当前Spring中
		声明的Bean的ID -->
		<property name="dataSource" 
			ref="dataSource"/>
	</bean>
</beans>















