<?xml version="1.0" encoding="UTF-8" ?>  
<!DOCTYPE mapper PUBLIC "-//ibatis.apache.org//DTD Mapper 3.0//EN"      
 "http://ibatis.apache.org/dtd/ibatis-3-mapper.dtd">

<mapper namespace="com.tarena.dao.AdminMapper">

	<!-- findByPage -->
	<select id="findByPage"
		parameterType="com.tarena.entity.page.AdminPage"
		resultMap="adminMap">
		select * from (
			select a.*,rownum r from (
				select * from admin_info 
				where admin_id in (
					select ai.admin_id from admin_info ai
					left join admin_role ar on ar.admin_id=ai.admin_id
					left join role_info ri on ri.role_id=ar.role_id
					left join role_module rm on rm.role_id=ri.role_id
					left join module_info mi on mi.module_id=rm.module_id
					<where>
						<if test='roleName!=null&amp;&amp;!roleName.equals("")'>
							and ri.name like '%'||#{roleName}||'%'
						</if>
						<if test="moduleId!=null">
							and mi.module_id=#{moduleId}
						</if>
					</where>
				)
				order by admin_id
			) a
		) where r&lt;#{end} and r>#{begin}
	</select>
	<select id="findRoleByAdminId"
		parameterType="int"
		resultType="com.tarena.entity.Role">
		select * from role_info 
		where role_id in (
			select role_id from admin_role
			where admin_id=#{admin_id}
		)
	</select>
	<resultMap id="adminMap" 
		type="com.tarena.entity.Admin">
		<id column="admin_id" property="admin_id"/>
		
		<collection select="findRoleByAdminId"
		    column="admin_id" 
			javaType="arraylist"
			ofType="com.tarena.entity.Role" 
			property="roles">
		</collection>
	</resultMap>	

</mapper>