<?xml version="1.0" encoding="UTF-8" ?>  
<!DOCTYPE configuration PUBLIC "-//ibatis.apache.org//DTD Config 3.0//EN" 
	"http://ibatis.apache.org/dtd/ibatis-3-config.dtd">
<configuration>
	<environments default="environment">
		<environment id="environment">
			<transactionManager type="JDBC" />
			<dataSource type="POOLED">
				<property name="driver" value="com.mysql.jdbc.Driver" />
				<property name="url"
					value="jdbc:mysql://localhost:3306/test" />
				<property name="username" value="root" />
				<property name="password" value="root" />
			</dataSource>
		</environment>
	</environments>
	<mappers>
		<mapper resource="org/tarena/entity/Dept.xml" />
	</mappers>
</configuration> 