<?xml version="1.0" encoding="UTF-8" ?>  
<!DOCTYPE mapper PUBLIC "-//ibatis.apache.org//DTD Mapper 3.0//EN"      
 "http://ibatis.apache.org/dtd/ibatis-3-mapper.dtd">

<mapper namespace="com.tarena.dao.RoleMapper">

	<!-- findByPage -->
	<select id="findByPage"
		parameterType="com.tarena.entity.page.RolePage"
		resultMap="roleMap">
		select * from (
			select a.*,rownum r from (
				select * from role_info
				order by role_id
			) a
		) where r&lt;#{end} and r>#{begin}
	</select>
	<!-- 关联查询出模块，传入条件为role_id -->
	<select id="findModuleByRoleId"
		parameterType="int"
		resultType="com.tarena.entity.Module">
		select * from module_info
		where module_id in (
			select module_id from role_module
			where role_id=#{role_id}
		)
	</select>
	<resultMap id="roleMap" 
		type="com.tarena.entity.Role">
		<id column="role_id" property="role_id"/>
		
		<collection select="findModuleByRoleId"
		    column="role_id" 
			javaType="arraylist"
			ofType="com.tarena.entity.Module" 
			property="modules">
		</collection>
	</resultMap>
	
	<!-- findRows -->
	<select id="findRows"
		resultType="int">
		select count(*) from role_info
	</select>	

</mapper>