<?xml version="1.0" encoding="UTF-8" ?>  
<!DOCTYPE mapper PUBLIC "-//ibatis.apache.org//DTD Mapper 3.0//EN"      
 "http://ibatis.apache.org/dtd/ibatis-3-mapper.dtd">

<mapper namespace="com.tarena.dao.DeptMapper">

	<!-- 
		根据id查询部门，并在查询出部门后自动查询
		其对应的一组员工，然后通过resultMap自动
		将这组员工数据装配到部门对象中；
	 -->
	<select id="findById"
		parameterType="int"
		resultMap="deptMap">
		select * from t_dept
		where deptno=#{id}
	</select>
	<!-- 
		根据部门id查询对应的员工，该sql由
		resultMap触发，结果由resultMap装配如员工对象
	 -->
	<select id="findEmpByDept"
		parameterType="int"
		resultType="com.tarena.entity.Emp">
		select * from t_emp
		where deptno=#{deptno}
	</select>
	<!-- 
		resultMap用于触发关联查询，并自动装配查询结果；
		id是resultMap访问的key；
		type是resultMap最终返回的数据类型；
	 -->
	<resultMap id="deptMap" 
		type="com.tarena.entity.Dept">
		<!-- 
			一对多关联映射时，主键字段必须显示
			装配，不能省略；
			id指的是当前装配的是主键列；
			column指的是主键列的列名；
			property指的是对应的属性名；
		 -->
		<id column="DEPTNO" property="deptno"/>
		<!-- 其他的列和属性同名，是可以省略的 -->
		
		<!-- 
			collection指的是要自动装配一个集合；
			select指的是该装配需要调用的SQL；
			column指的是查询员工时所需要的条件来源，
				即查询部门结果中的某一列列名；
			javaType指关联数据封装的集合类型；
			ofType指集合中的对象类型；
			property指该集合数据注入给哪个属性；
		 -->
		<collection select="findEmpByDept"
		    column="DEPTNO" 
			javaType="arraylist"
			ofType="com.tarena.entity.Emp" 
			property="emps">
		</collection>
	</resultMap>
	
</mapper>