<?xml version="1.0" encoding="UTF-8" ?>  
<!DOCTYPE mapper PUBLIC "-//ibatis.apache.org//DTD Mapper 3.0//EN"      
 "http://ibatis.apache.org/dtd/ibatis-3-mapper.dtd">

<mapper namespace="com.tarena.dao.EmpMapper">

	<!-- findById，多对一嵌套查询映射 -->
	<!-- 
		要想自动查询出部门并装配，需要通过一段
		配置实现，该配置写在resultMap元素中；
	 -->
	<select id="findById"
		parameterType="int"
		resultMap="empMap">
		select * from t_emp
		where empno=#{id}
	</select>
	<!-- 自动查询部门的SQL，可以根据部门id
		查询部门，其中部门id是在上面查询完
		员工后，从结果中取出并传入当前查询的 -->
	<select id="findDeptById"
		parameterType="int"
		resultType="com.tarena.entity.Dept">
		select * from t_dept
		where deptno=#{deptno}
	</select>
	<!-- 
		使用resultMap元素组装查询结果，它在组装
		时可以自动的触发查询关联数据，即dept，并
		可以将查询结果进行装配；
	 	id是resultMap访问的key；
	 	type是该resultMap装配后返回的类型；
	  -->
	<resultMap id="empMap" 
		type="com.tarena.entity.Emp">
		<!-- 此处省略了员工表中字段与实体中属性
			的对应关系，因为字段和属性同名 -->
		
		<!-- 
			association元素可以自动触发查询关联数据，
			即dept，并自动将结果装配到emp中。
			select指定了要调用哪个sql去查询关联数据；
			column指定了在查询关联数据时，需要将员工
				查询结果中的哪一列作为参数条件传入
				查询部门的SQL；
			javaType指定了查询结果用什么类型封装；
			property指定了封装后的对象注入给哪个属性；
		 -->	
		<association select="findDeptById" 
			column="DEPTNO"
			javaType="com.tarena.entity.Dept"
			property="dept">
		</association>
	</resultMap>




	<!-- save -->
	<insert id="save"
		parameterType="com.tarena.entity.Emp">
		<!-- 
			调用SQL生成ID值，然后将ID值注入实体对象。
			keyProperty：要注入的属性名；
			order：生成ID并注入对象，是在insert语句
				执行前/后完成；
			resultType：生成的ID的类型；
		 -->
		<selectKey keyProperty="empno" 
			order="BEFORE" 
			resultType="int">
	       select emp_seq.nextval from dual 
	    </selectKey>
	    <!-- 由于在insert之前，通过selectKey元素
	    	生成了主键并注入了对象，所以在insert
	    	语句中直接使用对象中的ID即可 -->
		insert into t_emp values(
			#{empno,jdbcType=INTEGER},
			#{ename,jdbcType=VARCHAR},
			#{job,jdbcType=VARCHAR},
			#{mgr,jdbcType=INTEGER},
			#{hiredate,jdbcType=DATE},
			#{sal,jdbcType=DOUBLE},
			#{comm,jdbcType=DOUBLE},
			#{deptno,jdbcType=INTEGER}
		)
	</insert>

	<!-- findAll -->
	<select id="findAll"
		resultType="com.tarena.entity.Emp">
		select * from t_emp
	</select>
	
	<!-- findByDept -->
	<select id="findByDept"
		parameterType="com.tarena.entity.Condition"
		resultType="com.tarena.entity.Emp">
		select * from t_emp
		<!-- 如果条件成立则拼一个where条件，
			注意表达式当中引用的是传入参数的属性，
			而不是表中的字段名。 -->
		<if test="deptId!=null">
			where deptno=#{deptId}
		</if>
	</select>
	
	<!-- findUpperSalary -->
	<select id="findUpperSalary"
		parameterType="com.tarena.entity.Condition"
		resultType="com.tarena.entity.Emp">
		select * from t_emp
		<choose>
			<when test="salary>=2500">
				where sal>#{salary}
			</when>
			<otherwise>
				where sal>1500
			</otherwise>
		</choose>
	</select>
	
	<!-- findByDeptAndSalary -->
	<select id="findByDeptAndSalary"
		parameterType="com.tarena.entity.Condition"
		resultType="com.tarena.entity.Emp">
		select * from t_emp 
		<!-- 
			where元素有2个作用：
			1.可以拼一个where关键字；
			2.可以忽略掉第一个多余的and；
		 -->
		 <!-- 
		<where>
			<if test="deptId!=null">
				and deptno=#{deptId}
			</if>
			<if test="salary!=null">
				and sal>#{salary}
			</if>
		</where>
		 -->
		<!-- 用trim代替where -->
		<trim prefix="where" prefixOverrides="and">
			<if test="deptId!=null">
				and deptno=#{deptId}
			</if>
			<if test="salary!=null">
				and sal>#{salary}
			</if>
		</trim>
	</select>
	
	<!-- update -->
	<update id="update"
		parameterType="com.tarena.entity.Emp">
		update t_emp 
		<!-- 
			set元素有2个作用：
			1.拼一个set关键字
			2.去掉最后多余的，
		 -->
		<!-- 
		<set>
			<if test="ename!=null">
				ename=#{ename},
			</if>
			<if test="job!=null">
				job=#{job},
			</if>
			<if test="sal!=null">
				sal=#{sal},
			</if>
		</set>
		 -->
		<!-- 使用trim代替set -->
		<trim prefix="set" suffixOverrides=",">
			<if test="ename!=null">
				ename=#{ename},
			</if>
			<if test="job!=null">
				job=#{job},
			</if>
			<if test="sal!=null">
				sal=#{sal},
			</if>
		</trim>
		where empno=#{empno}
	</update>
	
	<!-- findByIds -->
	<select id="findByIds"
		parameterType="com.tarena.entity.Condition"
		resultType="com.tarena.entity.Emp">
		select * from t_emp where empno in
		<foreach collection="empIds"
			item="eid"
			open="("
			separator=","
			close=")">
			#{eid}
		</foreach>
	</select>
	
</mapper>