﻿<?xml version="1.0" encoding="UTF-8" ?>  
<!DOCTYPE mapper PUBLIC "-//ibatis.apache.org//DTD Mapper 3.0//EN"      
 "http://ibatis.apache.org/dtd/ibatis-3-mapper.dtd">
<mapper namespace="org.killer.dao.MessageDAO">
	<select id="findAll" 
	resultType="org.killer.entity.Message"
	>
		select * from Message
	</select>

	<select id="findByPage" 
	parameterType="org.killer.vo.Page"
	resultType="org.killer.entity.Message"
	>
		select * from Message limit #{begin},#{length}
	</select>
	
	<select id="findMsgById" 
	parameterType="int"
	resultType="org.killer.entity.Message"
	>
		select * from Message where id=#{id}
	</select>
	
	<select id="findContentByTitle" 
	parameterType="java.lang.String"
	resultType="org.killer.entity.Message"
	>
		select * from Message where title like #{title}
	</select>
	<update id="updateReply" parameterType="int">
		update Message set reply=reply+1 where id=#{id}
	</update>
	
	<insert id="save" parameterType="org.killer.entity.Message">
		insert into Message(title,content,nickname,date,reply) values
		(#{title},#{content},#{nickname},#{date},0);
	</insert>
</mapper>