﻿<?xml version="1.0" encoding="UTF-8" ?>  
<!DOCTYPE mapper PUBLIC "-//ibatis.apache.org//DTD Mapper 3.0//EN"      
 "http://ibatis.apache.org/dtd/ibatis-3-mapper.dtd">
<mapper namespace="org.killer.dao.ReMsgDAO">
	<select id="findByMsgId" 
	parameterType="java.lang.Integer"
	resultType="org.killer.entity.ReMsg"
	>
		select * from ReMsg where msgId=#{msgId}
	</select>
	<select id="findByPage" 
	parameterType="org.killer.vo.Page"
	resultType="org.killer.entity.ReMsg"
	>
		select * from ReMsg where msgId=#{msgId} limit #{begin},#{length}
	</select>
	
	<insert id="save" parameterType="org.killer.entity.ReMsg">
		insert into ReMsg (msgId,reMsg,date,nickname,good) 
		values(#{msgId},#{reMsg},#{date},#{nickname},0);
	</insert>
	
	<update id="updateGood" parameterType="int">
		update ReMsg set good=good+1 where id=#{id}
	</update>
	<select id="findById" 
	parameterType="int"
	resultType="org.killer.entity.ReMsg"
	>
		select * from ReMsg where id=#{id}
	</select>
	
</mapper>