<?xml version="1.0" encoding="UTF-8" ?>  
<!DOCTYPE mapper PUBLIC "-//ibatis.apache.org//DTD Mapper 3.0//EN"      
 "http://ibatis.apache.org/dtd/ibatis-3-mapper.dtd">

<mapper namespace="com.tarena.dao.AccountMapper">

	<!-- findByPage -->
	<select id="findByPage"
		parameterType="com.tarena.entity.page.AccountPage"
		resultType="com.tarena.entity.Account">
		select * from (
			select a.*,rownum r from (
				select * from account
				<where>
					<if test='idcardNo!=null &amp;&amp; !idcardNo.equals("")'>
						and idcard_no=#{idcardNo}
					</if>
					<if test='realName!=null &amp;&amp; !realName.equals("")'>
						and real_name=#{realName}
					</if>
					<if test='loginName!=null &amp;&amp; !loginName.equals("")'>
						and login_name=#{loginName}
					</if>
					<if test='status!=null &amp;&amp; !status.equals("") &amp;&amp; !status.equals("-1")'>
						and status=#{status}
					</if>
				</where>
				order by account_id
			) a
		) where r&lt;#{end} and r>#{begin}
	</select>
	
	<!-- findRows -->
	<select id="findRows"
		parameterType="com.tarena.entity.page.AccountPage"
		resultType="int">
		select count(*) from account
		<where>
			<if test='idcardNo!=null &amp;&amp; !idcardNo.equals("")'>
				and idcard_no=#{idcardNo}
			</if>
			<if test='realName!=null &amp;&amp; !realName.equals("")'>
				and real_name=#{realName}
			</if>
			<if test='loginName!=null &amp;&amp; !loginName.equals("")'>
				and login_name=#{loginName}
			</if>
			<if test='status!=null &amp;&amp; !status.equals("") &amp;&amp; !status.equals("-1")'>
				and status=#{status}
			</if>
		</where>		
	</select>

</mapper>