<?xml version="1.0" encoding="UTF-8"?>
<beans xmlns="http://www.springframework.org/schema/beans" 
	xmlns:xsi="http://www.w3.org/2001/XMLSchema-instance"
	xmlns:context="http://www.springframework.org/schema/context" 
	xmlns:jdbc="http://www.springframework.org/schema/jdbc"  
	xmlns:jee="http://www.springframework.org/schema/jee" 
	xmlns:tx="http://www.springframework.org/schema/tx"
	xmlns:aop="http://www.springframework.org/schema/aop" 
	xmlns:mvc="http://www.springframework.org/schema/mvc"
	xmlns:jpa="http://www.springframework.org/schema/data/jpa"
	xsi:schemaLocation="
		http://www.springframework.org/schema/beans http://www.springframework.org/schema/beans/spring-beans-3.2.xsd
		http://www.springframework.org/schema/context http://www.springframework.org/schema/context/spring-context-3.2.xsd
		http://www.springframework.org/schema/jdbc http://www.springframework.org/schema/jdbc/spring-jdbc-3.2.xsd
		http://www.springframework.org/schema/jee http://www.springframework.org/schema/jee/spring-jee-3.2.xsd
		http://www.springframework.org/schema/tx http://www.springframework.org/schema/tx/spring-tx-3.2.xsd
		http://www.springframework.org/schema/data/jpa http://www.springframework.org/schema/data/jpa/spring-jpa-1.3.xsd
		http://www.springframework.org/schema/aop http://www.springframework.org/schema/aop/spring-aop-3.2.xsd
		http://www.springframework.org/schema/mvc http://www.springframework.org/schema/mvc/spring-mvc-3.2.xsd">
	
	<!-- 配置数据源 -->
	<bean id="ds" 
		class="org.apache.commons.dbcp.BasicDataSource"
		destroy-method="close">
		<property name="url" 
			value="jdbc:oracle:thin:@192.168.175.252:1521:orcl"/>
		<property name="driverClassName" 
			value="oracle.jdbc.OracleDriver"/>
		<property name="username" value="zhangdong"/>
		<property name="password" value="sa"/>
	</bean>
	
	<!-- 配置SqlSessionFactory -->
	<bean id="sqlSessionFactory" 
		class="org.mybatis.spring.SqlSessionFactoryBean">  
      <property name="dataSource" ref="ds" />
      <property name="mapperLocations" 
      	value="classpath:com/tarena/entity/*.xml"/>
    </bean>
    
    <!-- 配置MyBatis注解 -->
    <bean class="org.mybatis.spring.mapper.MapperScannerConfigurer">
       <!-- 扫描路径 -->
       <property name="basePackage" 
       		value="com.tarena.dao" />
       <!-- 扫描的注解 -->
       <property name="annotationClass" 
           value="com.tarena.annotation.MyBatisRepository"/>
	</bean>

</beans>